"DESCRIPTION","DURATION IN MS","NAME","PARENT SUITE","START TIME","STATUS","STOP TIME","SUB SUITE","SUITE","TEST CLASS","TEST METHOD"
"","117","TC_PLT_API_ADMIN_03 Verify that Admin can successfully delete a plant via API","","2026-02-07","passed","2026-02-07","","Plant Admin API Tests","",""
"","112","Get sale by non-existing id should return 404","","2026-02-07","passed","2026-02-07","","Sales Admin API","",""
"","153","TC_CAT_UI_02 Verify Add A Category button is visible for Admin","","2026-02-07","passed","2026-02-07","","Category Management UI - Admin","",""
"","98","UI_DASH_USER_005 Inventory is disabled for user also","","2026-02-07","passed","2026-02-07","","Dashboard User UI","",""
"","114","TC_CAT_API_USER_03 Verify User can view category details with all fields","","2026-02-07","passed","2026-02-07","","Category API - User Operations","",""
"","157","TC_CAT_UI_03 Verify categories are displayed in the table","","2026-02-07","passed","2026-02-07","","Category Management UI - Admin","",""
"","19","API_DASH_USER_007 User cannot create plant (RBAC)","","2026-02-07","passed","2026-02-07","","Dashboard API - User (Savindu R.H. - Group 28)","",""
"","223","TC_SALES_UI_ADMIN_08 Verify sale can be deleted successfully","","2026-02-07","passed","2026-02-07","","Sales Management Admin UI","",""
"","22","API_DASH_USER_005 User can fetch sales list (read-only)","","2026-02-07","passed","2026-02-07","","Dashboard API - User (Savindu R.H. - Group 28)","",""
"","171","Validate total price calculation for all sales","","2026-02-07","passed","2026-02-07","","Sales Admin API","",""
"","246","UI_DASH_ADMIN_002 Dashboard card - Manage Categories redirects correctly","","2026-02-07","passed","2026-02-07","","Dashboard Admin UI","",""
"","124","TC_SALES_UI_USER_03 Verify User cannot delete sales","","2026-02-07","passed","2026-02-07","","Sales Management User UI","",""
"","103","UI_DASH_ADMIN_005 Sidebar highlights Dashboard as active","","2026-02-07","passed","2026-02-07","","Dashboard Admin UI","",""
"","128","API_DASH_ADMIN_001 Admin login returns valid token","","2026-02-07","passed","2026-02-07","","Dashboard API - Admin (Savindu R.H. - Group 28)","",""
"","222","Successful admin login via API","","2026-02-07","passed","2026-02-07","","Sales Admin API","",""
"","94","TC_PLT_API_USER_04 Verify that a user is not allowed to create a new plant using the API","","2026-02-07","passed","2026-02-07","","Plant User API Tests","",""
"","143","Get sale by id successfully","","2026-02-07","passed","2026-02-07","","Sales Admin API","",""
"","18","API_DASH_USER_006 Inventory endpoint should be disabled/blocked for User","","2026-02-07","passed","2026-02-07","","Dashboard API - User (Savindu R.H. - Group 28)","",""
"","353","TC_PLT_API_ADMIN_04 Verify that Admin can successfully update basic plant details via API","","2026-02-07","failed","2026-02-07","","Plant Admin API Tests","",""
"","124","TC_PLT_API_USER_05 Verify that a user is not allowed to delete plants using the API","","2026-02-07","passed","2026-02-07","","Plant User API Tests","",""
"","114","Get category summary successfully","","2026-02-07","passed","2026-02-07","","Category Admin API","",""
"","115","Get main categories successfully","","2026-02-07","passed","2026-02-07","","Category Admin API","",""
"","22","API_DASH_USER_004 User can fetch plants list","","2026-02-07","passed","2026-02-07","","Dashboard API - User (Savindu R.H. - Group 28)","",""
"","98","TC_CAT_API_USER_07 Verify User can list all categories with required fields","","2026-02-07","passed","2026-02-07","","Category API - User Operations","",""
"","118","TC_CAT_API_USER_02 Verify User can view specific category by ID","","2026-02-07","passed","2026-02-07","","Category API - User Operations","",""
"","21","API_DASH_ADMIN_008 Admin cannot use PUT on Sales (read-only endpoint)","","2026-02-07","passed","2026-02-07","","Dashboard API - Admin (Savindu R.H. - Group 28)","",""
"","24","API_DASH_ADMIN_003 Admin can fetch categories list","","2026-02-07","passed","2026-02-07","","Dashboard API - Admin (Savindu R.H. - Group 28)","",""
"","151","TC_CAT_API_USER_01 Verify User can view all categories","","2026-02-07","passed","2026-02-07","","Category API - User Operations","",""
"","550","TC_SALES_UI_ADMIN_03 Verify validation error for invalid quantity","","2026-02-07","passed","2026-02-07","","Sales Management Admin UI","",""
"","100","Sell plant with invalid quantity should return 400","","2026-02-07","passed","2026-02-07","","Sales Admin API","",""
"","134","TC_PLT_UI_USER_05 Verify that User can see ""Low"" badge for plants with quantity below 5","","2026-02-07","passed","2026-02-07","","Plant List User UI","",""
"","5326","TC_PLT_UI_ADMIN_03 Verify that Delete action is only visible to admin","","2026-02-07","passed","2026-02-07","","Plant List Admin UI","",""
"","20","API_DASH_ADMIN_009 Admin gets 404 for invalid endpoint","","2026-02-07","passed","2026-02-07","","Dashboard API - Admin (Savindu R.H. - Group 28)","",""
"","893","TC_PLT_UI_USER_02 Verify that the system displays ""No plants found"" message when no plants match the search criteria","","2026-02-07","passed","2026-02-07","","Plant List User UI","",""
"","113","API_DASH_USER_008 Invalid user login rejected","","2026-02-07","passed","2026-02-07","","Dashboard API - User (Savindu R.H. - Group 28)","",""
"","527","TC_CAT_UI_05 Verify Search functionality works","","2026-02-07","passed","2026-02-07","","Category Management UI - Admin","",""
"","332","TC-Admin-Plants-07 Sort plants by Name","","2026-02-07","passed","2026-02-07","","Plant List Admin UI","",""
"","389","TC_PLT_UI_USER_06 Verify that User can filter plants by Pink Rose category","","2026-02-07","passed","2026-02-07","","Plant List User UI","",""
"","377","TC-Admin-Plants-05 Verify All Categories Filtering","","2026-02-07","passed","2026-02-07","","Plant List Admin UI","",""
"","97","Get sale by id without token should be unauthorized","","2026-02-07","passed","2026-02-07","","Sales Admin API","",""
"","627","TC_CAT_UI_06 Verify Reset button clears search and shows all categories","","2026-02-07","passed","2026-02-07","","Category Management UI - Admin","",""
"","103","Delete sale with non-existing id should return 404","","2026-02-07","passed","2026-02-07","","Sales Admin API","",""
"","23","API_DASH_ADMIN_010 Admin can access Sales endpoint (Smoke Test for Creation)","","2026-02-07","passed","2026-02-07","","Dashboard API - Admin (Savindu R.H. - Group 28)","",""
"","178","UI_DASH_USER_004 User can navigate to Sales from dashboard card","","2026-02-07","passed","2026-02-07","","Dashboard User UI","",""
"","154","TC_PLT_API_ADMIN_02 Verify that the system validates Quantity as a mandatory field when adding a new plant via API","","2026-02-07","passed","2026-02-07","","Plant Admin API Tests","",""
"","117","Get sub-categories successfully","","2026-02-07","passed","2026-02-07","","Category Admin API","",""
"","103","Delete sale without token should be unauthorized","","2026-02-07","passed","2026-02-07","","Sales Admin API","",""
"","1170","UI_DASH_USER_001 Dashboard loads after user login","","2026-02-07","passed","2026-02-07","","Dashboard User UI","",""
"","907","TC_PLT_UI_USER_04 Verify that the system displays ""No plants found"" message when no plants exist for the selected category and search term","","2026-02-07","passed","2026-02-07","","Plant List User UI","",""
"","131","Get all sales successfully","","2026-02-07","passed","2026-02-07","","Sales Admin API","",""
"","4412","TC_PLT_API_ADMIN_01 Verify that Admin can successfully add a nested category and plant (or use existing)","","2026-02-07","passed","2026-02-07","","Plant Admin API Tests","",""
"","101","TC_CAT_API_USER_06 Verify 404 for non-existent category","","2026-02-07","passed","2026-02-07","","Category API - User Operations","",""
"","1316","UI_DASH_ADMIN_001 Dashboard loads after admin login","","2026-02-07","passed","2026-02-07","","Dashboard Admin UI","",""
"","112","TC_PLT_API_USER_03 Verify that regular User can filter plants by category via API","","2026-02-07","passed","2026-02-07","","Plant User API Tests","",""
"","109","TC_CAT_API_USER_04 Verify User cannot update an existing category","","2026-02-07","passed","2026-02-07","","Category API - User Operations","",""
"","336","TC-Admin-Plants-10 Sort plants by Stock","","2026-02-07","passed","2026-02-07","","Plant List Admin UI","",""
"","2047","TC_SALES_UI_ADMIN_02 Verify Admin can sell a plant with valid quantity","","2026-02-07","passed","2026-02-07","","Sales Management Admin UI","",""
"","19","API_DASH_ADMIN_006 Inventory endpoint should be disabled/blocked for Admin","","2026-02-07","passed","2026-02-07","","Dashboard API - Admin (Savindu R.H. - Group 28)","",""
"","603","TC_SALES_UI_ADMIN_05 Verify validation error when Quantity is empty","","2026-02-07","passed","2026-02-07","","Sales Management Admin UI","",""
"","98","TC_CAT_API_USER_09 Verify response format is JSON","","2026-02-07","passed","2026-02-07","","Category API - User Operations","",""
"","432","UI_DASH_USER_002 User can navigate to Categories from dashboard card","","2026-02-07","passed","2026-02-07","","Dashboard User UI","",""
"","108","API_DASH_USER_002 User can fetch dashboard summary","","2026-02-07","passed","2026-02-07","","Dashboard API - User (Savindu R.H. - Group 28)","",""
"","210","TC_PLT_API_USER_02 Verify that regular User can search plants by name via API","","2026-02-07","passed","2026-02-07","","Plant User API Tests","",""
"","116","Sell a plant successfully via API","","2026-02-07","passed","2026-02-07","","Sales Admin API","",""
"","668","TC_CAT_UI_07 Verify search with non-existent name shows no results","","2026-02-07","passed","2026-02-07","","Category Management UI - Admin","",""
"","2197","TC_PLT_UI_USER_01 Verify that User can use search functionality to find plants by name","","2026-02-07","passed","2026-02-07","","Plant List User UI","",""
"","140","Search categories with pagination successfully","","2026-02-07","passed","2026-02-07","","Category Admin API","",""
"","173","UI_DASH_ADMIN_003 Dashboard card - Manage Plants redirects correctly","","2026-02-07","passed","2026-02-07","","Dashboard Admin UI","",""
"","101","Get all sales without token should be unauthorized","","2026-02-07","passed","2026-02-07","","Sales Admin API","",""
"","","Oops...we found an error preparing this test file: CategoryApiAdmin.feature","","","broken","","","CategoryApiAdmin.feature","",""
"","286","TC_PLT_API_USER_01 Verify that regular User can retrieve paginated list of plants via API","","2026-02-07","passed","2026-02-07","","Plant User API Tests","",""
"","25","API_DASH_USER_003 User can fetch categories list","","2026-02-07","passed","2026-02-07","","Dashboard API - User (Savindu R.H. - Group 28)","",""
"","104","Create category returns bad request","","2026-02-07","passed","2026-02-07","","Category Admin API","",""
"","141","TC_CAT_UI_04 Verify category levender is displayed in the table","","2026-02-07","passed","2026-02-07","","Category Management UI - Admin","",""
"","103","Sell plant with non-existing id should return 404","","2026-02-07","passed","2026-02-07","","Sales Admin API","",""
"","702","TC_SALES_UI_ADMIN_04 Verify validation error when Plant is not selected","","2026-02-07","passed","2026-02-07","","Sales Management Admin UI","",""
"","100","Search categories with invalid pagination returns bad request","","2026-02-07","passed","2026-02-07","","Category Admin API","",""
"","233","TC_CAT_UI_09 Verify ID column sorting works","","2026-02-07","passed","2026-02-07","","Category Management UI - Admin","",""
"","685","TC_SALES_UI_ADMIN_06 Verify validation error when selling more than available stock","","2026-02-07","passed","2026-02-07","","Sales Management Admin UI","",""
"","578","TC-Admin-Plants-06 Verify reset button functionality","","2026-02-07","passed","2026-02-07","","Plant List Admin UI","",""
"","102","UI_DASH_ADMIN_006 Inventory is disabled in sidebar","","2026-02-07","passed","2026-02-07","","Dashboard Admin UI","",""
"","100","TC_CAT_API_USER_08 Verify User can view categories with parent info","","2026-02-07","passed","2026-02-07","","Category API - User Operations","",""
"","357","TC-Admin-Plants-09 Sort plants by Price","","2026-02-07","passed","2026-02-07","","Plant List Admin UI","",""
"","129","TC_SALES_UI_USER_02 Verify User cannot see Sell Plant button","","2026-02-07","passed","2026-02-07","","Sales Management User UI","",""
"","122","Delete a sale successfully via API","","2026-02-07","passed","2026-02-07","","Sales Admin API","",""
"","662","TC-Admin-Plants-04 Search plants by invalid plant name","","2026-02-07","passed","2026-02-07","","Plant List Admin UI","",""
"","304","TC_SALES_UI_ADMIN_07 Verify alert disappears when close button is clicked","","2026-02-07","failed","2026-02-07","","Sales Management Admin UI","",""
"","2564","TC_PLT_UI_ADMIN_01 Verify that an Admin can view the Actions column and Add a Plant button is visible","","2026-02-07","passed","2026-02-07","","Plant List Admin UI","",""
"","152","TC_PLT_API_ADMIN_05 Verify that new plant create API rejects parent categories","","2026-02-07","passed","2026-02-07","","Plant Admin API Tests","",""
"","148","Sell plant without token should be unauthorized","","2026-02-07","passed","2026-02-07","","Sales Admin API","",""
"","95","TC_CAT_API_USER_10 Verify search with non-existent name returns empty result","","2026-02-07","passed","2026-02-07","","Category API - User Operations","",""
"","135","API_DASH_USER_001 User login returns token","","2026-02-07","passed","2026-02-07","","Dashboard API - User (Savindu R.H. - Group 28)","",""
"","5303","TC_PLT_UI_ADMIN_02 Verify that Edit action is only visible to admin","","2026-02-07","passed","2026-02-07","","Plant List Admin UI","",""
"","109","TC_CAT_API_USER_05 Verify User cannot delete a category","","2026-02-07","passed","2026-02-07","","Category API - User Operations","",""
"","23","API_DASH_ADMIN_005 Admin can fetch sales list","","2026-02-07","passed","2026-02-07","","Dashboard API - Admin (Savindu R.H. - Group 28)","",""
"","1537","TC_CAT_UI_01 Verify Categories page loads with table visible","","2026-02-07","passed","2026-02-07","","Category Management UI - Admin","",""
"","1183","TC_SALES_UI_USER_01 Verify User can view Sales page","","2026-02-07","passed","2026-02-07","","Sales Management User UI","",""
"","22","API_DASH_ADMIN_004 Admin can fetch plants list","","2026-02-07","passed","2026-02-07","","Dashboard API - Admin (Savindu R.H. - Group 28)","",""
"","105","Update category returns not found","","2026-02-07","passed","2026-02-07","","Category Admin API","",""
"","144","TC_CAT_UI_08 Verify Parent dropdown filter is available","","2026-02-07","passed","2026-02-07","","Category Management UI - Admin","",""
"","178","UI_DASH_USER_003 User can navigate to Plants from dashboard card","","2026-02-07","passed","2026-02-07","","Dashboard User UI","",""
"","1197","TC_SALES_UI_ADMIN_01 Verify Admin can view Sales page","","2026-02-07","passed","2026-02-07","","Sales Management Admin UI","",""
"","131","TC_CAT_UI_10 Verify sidebar navigation links are visible","","2026-02-07","passed","2026-02-07","","Category Management UI - Admin","",""
"","5155","TC_PLT_UI_ADMIN_05 Verify that the Admin is redirected to Plant List page when clicking Cancel button","","2026-02-07","passed","2026-02-07","","Plant List Admin UI","",""
"","5001","UI_DASH_ADMIN_008 Refresh keeps session","","2026-02-07","passed","2026-02-07","","Dashboard Admin UI","",""
"","108","API_DASH_ADMIN_002 Admin can fetch dashboard summary","","2026-02-07","passed","2026-02-07","","Dashboard API - Admin (Savindu R.H. - Group 28)","",""
"","1208","UI_DASH_ADMIN_004 Dashboard card - View Sales redirects correctly","","2026-02-07","passed","2026-02-07","","Dashboard Admin UI","",""
"","107","API_DASH_ADMIN_007 Invalid admin credentials rejected","","2026-02-07","passed","2026-02-07","","Dashboard API - Admin (Savindu R.H. - Group 28)","",""
"","169","UI_DASH_ADMIN_007 Logout redirects to login page","","2026-02-07","passed","2026-02-07","","Dashboard Admin UI","",""
